{"cameraMode":{"drawMode":0,"name":"Shaded","section":"Shading Mode"},"sceneLighting":true,"audioPlay":false,"sceneViewState":{"showFog":true,"showMaterialUpdate":false,"showSkybox":true,"showFlares":true,"showImageEffects":true,"showParticleSystems":true},"in2DMode":false,"pivot":{"x":4.575847625732422,"y":0.8374660015106201,"z":-9.74562931060791},"rotation":{"x":0.09885358810424805,"y":-0.33802729845046999,"z":0.035738781094551089,"w":0.9352520704269409},"size":1.2165849208831788,"orthographic":false}