{"cameraMode":{"drawMode":0,"name":"Shaded","section":"Shading Mode"},"sceneLighting":false,"audioPlay":false,"sceneViewState":{"showFog":true,"showMaterialUpdate":false,"showSkybox":false,"showFlares":true,"showImageEffects":true,"showParticleSystems":true},"in2DMode":false,"pivot":{"x":0.0,"y":1.1385084390640259,"z":0.10332107543945313},"rotation":{"x":-0.20054125785827638,"y":-0.7418511509895325,"z":0.25310391187667849,"w":-0.5877048373222351},"size":3.344716787338257,"orthographic":false}