{"cameraMode":{"drawMode":0,"name":"Shaded","section":"Shading Mode"},"sceneLighting":true,"audioPlay":false,"sceneViewState":{"showFog":true,"showMaterialUpdate":false,"showSkybox":true,"showFlares":true,"showImageEffects":true,"showParticleSystems":true},"in2DMode":false,"pivot":{"x":1.0792694091796876,"y":6.032920837402344,"z":20.50742530822754},"rotation":{"x":-0.5608431696891785,"y":-0.17143474519252778,"z":0.12000591307878494,"w":-0.8010517358779907},"size":30.80265235900879,"orthographic":false}